,gen,ground,mem_status,source,idx_in_ground,idx_in_hidden_states
17,"}
                \usepackage{amsmath}
                \usepackage{wasysym} 
                \usepackage{amsfonts} 
                \usepackage{amssymb} 
                \usepackage{amsbsy}
                \usepackage{mathrsfs}
                \usepackage{upgreek}
                \setlength{\oddsidemargin}{-69pt}
                \begin","}
                \usepackage{amsmath}
                \usepackage{wasysym} 
                \usepackage{amsfonts} 
                \usepackage{amssymb} 
                \usepackage{amsbsy}
                \usepackage{mathrsfs}
                \usepackage{upgreek}
                \setlength{\oddsidemargin}{-69pt}
                \begin",1.0,pythia-evals,17,17
42,"[12pt]{minimal}
                \usepackage{amsmath}
                \usepackage{wasysym} 
                \usepackage{amsfonts} 
                \usepackage{amssymb} 
                \usepackage{amsbsy}
                \usepackage{mathrsfs}
                \usepackage{upgreek}
                \setlength{\oddsidemargin}{-69pt","[12pt]{minimal}
                \usepackage{amsmath}
                \usepackage{wasysym} 
                \usepackage{amsfonts} 
                \usepackage{amssymb} 
                \usepackage{amsbsy}
                \usepackage{mathrsfs}
                \usepackage{upgreek}
                \setlength{\oddsidemargin}{-69pt",1.0,pythia-evals,42,42
146,"
                \usepackage{amsmath}
                \usepackage{wasysym} 
                \usepackage{amsfonts} 
                \usepackage{amssymb} 
                \usepackage{amsbsy}
                \usepackage{mathrsfs}
                \usepackage{upgreek}
                \setlength{\oddsidemargin}{-69pt}
                \begin{","
                \usepackage{amsmath}
                \usepackage{wasysym} 
                \usepackage{amsfonts} 
                \usepackage{amssymb} 
                \usepackage{amsbsy}
                \usepackage{mathrsfs}
                \usepackage{upgreek}
                \setlength{\oddsidemargin}{-69pt}
                \begin{",1.0,pythia-evals,146,146
176," $\documentclass[12pt]{minimal}
                \usepackage{amsmath}
                \usepackage{wasysym} 
                \usepackage{amsfonts} 
                \usepackage{amssymb} 
                \usepackage{amsbsy}
                \usepackage{mathrsfs}
                \usepackage{upgreek}
                \setlength{\oddsidemargin}{-"," $\documentclass[12pt]{minimal}
                \usepackage{amsmath}
                \usepackage{wasysym} 
                \usepackage{amsfonts} 
                \usepackage{amssymb} 
                \usepackage{amsbsy}
                \usepackage{mathrsfs}
                \usepackage{upgreek}
                \setlength{\oddsidemargin}{-",1.0,pythia-evals,176,176
204,"documentclass[12pt]{minimal}
                \usepackage{amsmath}
                \usepackage{wasysym} 
                \usepackage{amsfonts} 
                \usepackage{amssymb} 
                \usepackage{amsbsy}
                \usepackage{mathrsfs}
                \usepackage{upgreek}
                \setlength{\oddsidemargin}{-69","documentclass[12pt]{minimal}
                \usepackage{amsmath}
                \usepackage{wasysym} 
                \usepackage{amsfonts} 
                \usepackage{amssymb} 
                \usepackage{amsbsy}
                \usepackage{mathrsfs}
                \usepackage{upgreek}
                \setlength{\oddsidemargin}{-69",1.0,pythia-evals,204,204
239,"minimal}
                \usepackage{amsmath}
                \usepackage{wasysym} 
                \usepackage{amsfonts} 
                \usepackage{amssymb} 
                \usepackage{amsbsy}
                \usepackage{mathrsfs}
                \usepackage{upgreek}
                \setlength{\oddsidemargin}{-69pt}
                \","minimal}
                \usepackage{amsmath}
                \usepackage{wasysym} 
                \usepackage{amsfonts} 
                \usepackage{amssymb} 
                \usepackage{amsbsy}
                \usepackage{mathrsfs}
                \usepackage{upgreek}
                \setlength{\oddsidemargin}{-69pt}
                \",1.0,pythia-evals,239,239
263,"
 *
 * Unless required by applicable law or agreed to in writing,
 * software distributed under the License is distributed on an
 * ""AS IS"" BASIS, WITHOUT WARRANTIES OR CONDITIONS OF ANY
 * KIND, either express or implied.  See the License for the
 * specific language governing permissions and limitations
","
 *
 * Unless required by applicable law or agreed to in writing,
 * software distributed under the License is distributed on an
 * ""AS IS"" BASIS, WITHOUT WARRANTIES OR CONDITIONS OF ANY
 * KIND, either express or implied.  See the License for the
 * specific language governing permissions and limitations
",1.0,pythia-evals,263,263
279,"12pt]{minimal}
                \usepackage{amsmath}
                \usepackage{wasysym} 
                \usepackage{amsfonts} 
                \usepackage{amssymb} 
                \usepackage{amsbsy}
                \usepackage{mathrsfs}
                \usepackage{upgreek}
                \setlength{\oddsidemargin}{-69pt}","12pt]{minimal}
                \usepackage{amsmath}
                \usepackage{wasysym} 
                \usepackage{amsfonts} 
                \usepackage{amssymb} 
                \usepackage{amsbsy}
                \usepackage{mathrsfs}
                \usepackage{upgreek}
                \setlength{\oddsidemargin}{-69pt}",1.0,pythia-evals,279,279
289,"]{minimal}
                \usepackage{amsmath}
                \usepackage{wasysym} 
                \usepackage{amsfonts} 
                \usepackage{amssymb} 
                \usepackage{amsbsy}
                \usepackage{mathrsfs}
                \usepackage{upgreek}
                \setlength{\oddsidemargin}{-69pt}
                ","]{minimal}
                \usepackage{amsmath}
                \usepackage{wasysym} 
                \usepackage{amsfonts} 
                \usepackage{amssymb} 
                \usepackage{amsbsy}
                \usepackage{mathrsfs}
                \usepackage{upgreek}
                \setlength{\oddsidemargin}{-69pt}
                ",1.0,pythia-evals,289,289
538," Kubernetes Authors.

Licensed under the Apache License, Version 2.0 (the ""License"");
you may not use this file except in compliance with the License.
You may obtain a copy of the License at

    http://www.apache.org/licenses/LICENSE-2.0

"," Kubernetes Authors.

Licensed under the Apache License, Version 2.0 (the ""License"");
you may not use this file except in compliance with the License.
You may obtain a copy of the License at

    http://www.apache.org/licenses/LICENSE-2.0

",1.0,pythia-evals,538,538
575,"}
                \usepackage{amsmath}
                \usepackage{wasysym} 
                \usepackage{amsfonts} 
                \usepackage{amssymb} 
                \usepackage{amsbsy}
                \usepackage{mathrsfs}
                \usepackage{upgreek}
                \setlength{\oddsidemargin}{-69pt}
                \begin","}
                \usepackage{amsmath}
                \usepackage{wasysym} 
                \usepackage{amsfonts} 
                \usepackage{amssymb} 
                \usepackage{amsbsy}
                \usepackage{mathrsfs}
                \usepackage{upgreek}
                \setlength{\oddsidemargin}{-69pt}
                \begin",1.0,pythia-evals,576,575
630,"pt]{minimal}
                \usepackage{amsmath}
                \usepackage{wasysym} 
                \usepackage{amsfonts} 
                \usepackage{amssymb} 
                \usepackage{amsbsy}
                \usepackage{mathrsfs}
                \usepackage{upgreek}
                \setlength{\oddsidemargin}{-69pt}
","pt]{minimal}
                \usepackage{amsmath}
                \usepackage{wasysym} 
                \usepackage{amsfonts} 
                \usepackage{amssymb} 
                \usepackage{amsbsy}
                \usepackage{mathrsfs}
                \usepackage{upgreek}
                \setlength{\oddsidemargin}{-69pt}
",1.0,pythia-evals,631,630
647,"]{minimal}
                \usepackage{amsmath}
                \usepackage{wasysym} 
                \usepackage{amsfonts} 
                \usepackage{amssymb} 
                \usepackage{amsbsy}
                \usepackage{mathrsfs}
                \usepackage{upgreek}
                \setlength{\oddsidemargin}{-69pt}
                ","]{minimal}
                \usepackage{amsmath}
                \usepackage{wasysym} 
                \usepackage{amsfonts} 
                \usepackage{amssymb} 
                \usepackage{amsbsy}
                \usepackage{mathrsfs}
                \usepackage{upgreek}
                \setlength{\oddsidemargin}{-69pt}
                ",1.0,pythia-evals,648,647
668,"minimal}
                \usepackage{amsmath}
                \usepackage{wasysym} 
                \usepackage{amsfonts} 
                \usepackage{amssymb} 
                \usepackage{amsbsy}
                \usepackage{mathrsfs}
                \usepackage{upgreek}
                \setlength{\oddsidemargin}{-69pt}
                \","minimal}
                \usepackage{amsmath}
                \usepackage{wasysym} 
                \usepackage{amsfonts} 
                \usepackage{amssymb} 
                \usepackage{amsbsy}
                \usepackage{mathrsfs}
                \usepackage{upgreek}
                \setlength{\oddsidemargin}{-69pt}
                \",1.0,pythia-evals,669,668
724,"minimal}
                \usepackage{amsmath}
                \usepackage{wasysym} 
                \usepackage{amsfonts} 
                \usepackage{amssymb} 
                \usepackage{amsbsy}
                \usepackage{mathrsfs}
                \usepackage{upgreek}
                \setlength{\oddsidemargin}{-69pt}
                \","minimal}
                \usepackage{amsmath}
                \usepackage{wasysym} 
                \usepackage{amsfonts} 
                \usepackage{amssymb} 
                \usepackage{amsbsy}
                \usepackage{mathrsfs}
                \usepackage{upgreek}
                \setlength{\oddsidemargin}{-69pt}
                \",1.0,pythia-evals,725,724
776,"minimal}
                \usepackage{amsmath}
                \usepackage{wasysym} 
                \usepackage{amsfonts} 
                \usepackage{amssymb} 
                \usepackage{amsbsy}
                \usepackage{mathrsfs}
                \usepackage{upgreek}
                \setlength{\oddsidemargin}{-69pt}
                \","minimal}
                \usepackage{amsmath}
                \usepackage{wasysym} 
                \usepackage{amsfonts} 
                \usepackage{amssymb} 
                \usepackage{amsbsy}
                \usepackage{mathrsfs}
                \usepackage{upgreek}
                \setlength{\oddsidemargin}{-69pt}
                \",1.0,pythia-evals,777,776
814," \""Update My Information\"" link at the top of the page, and update your user information. If you have any billing related questions, please contact our Author Billing department directly at <authorbilling@plos.org>.

If your institution or institutions have a press office, please notify them about your upcoming"," \""Update My Information\"" link at the top of the page, and update your user information. If you have any billing related questions, please contact our Author Billing department directly at <authorbilling@plos.org>.

If your institution or institutions have a press office, please notify them about your upcoming",1.0,pythia-evals,815,814
889,                                                                                                                                                                                                                                                                                                                                                                                                                                                                                                                                                                                                                                                                                                                                                                                                                                                                                                                                                                                                                                                                                                                                                                                                                                                                                                                                                                                                                                                                                                                                                                                                ,                                                                                                                                                                                                                                                                                                                                                                                                                                                                                                                                                                                                                                                                                                                                                                                                                                                                                                                                                                                                                                                                                                                                                                                                                                                                                                                                                                                                                                                                                                                                                                                                ,1.0,pythia-evals,890,889
952,"	ETHERTYPE_RATIONAL                = 0x8150
	ETHERTYPE_RAWFR                   = 0x6559
	ETHERTYPE_RCL                     = 0x1995
	ETHERTYPE_RDP                     = 0x8739
	ETHERTYPE_RETIX                   = 0x80f2
	ETHERTYPE_RE","	ETHERTYPE_RATIONAL                = 0x8150
	ETHERTYPE_RAWFR                   = 0x6559
	ETHERTYPE_RCL                     = 0x1995
	ETHERTYPE_RDP                     = 0x8739
	ETHERTYPE_RETIX                   = 0x80f2
	ETHERTYPE_RE",1.0,pythia-evals,953,952
977,"pt]{minimal}
                \usepackage{amsmath}
                \usepackage{wasysym} 
                \usepackage{amsfonts} 
                \usepackage{amssymb} 
                \usepackage{amsbsy}
                \usepackage{mathrsfs}
                \usepackage{upgreek}
                \setlength{\oddsidemargin}{-69pt}
","pt]{minimal}
                \usepackage{amsmath}
                \usepackage{wasysym} 
                \usepackage{amsfonts} 
                \usepackage{amssymb} 
                \usepackage{amsbsy}
                \usepackage{mathrsfs}
                \usepackage{upgreek}
                \setlength{\oddsidemargin}{-69pt}
",1.0,pythia-evals,978,977
1061,":$$\documentclass[12pt]{minimal}
                \usepackage{amsmath}
                \usepackage{wasysym} 
                \usepackage{amsfonts} 
                \usepackage{amssymb} 
                \usepackage{amsbsy}
                \usepackage{mathrsfs}
                \usepackage{upgreek}
                \setlength{\oddsidemargin}{-",":$$\documentclass[12pt]{minimal}
                \usepackage{amsmath}
                \usepackage{wasysym} 
                \usepackage{amsfonts} 
                \usepackage{amssymb} 
                \usepackage{amsbsy}
                \usepackage{mathrsfs}
                \usepackage{upgreek}
                \setlength{\oddsidemargin}{-",1.0,pythia-evals,1062,1061
1126,"
 *
 * Unless required by applicable law or agreed to in writing,
 * software distributed under the License is distributed on an
 * ""AS IS"" BASIS, WITHOUT WARRANTIES OR CONDITIONS OF ANY
 * KIND, either express or implied.  See the License for the
 * specific language governing permissions and limitations
","
 *
 * Unless required by applicable law or agreed to in writing,
 * software distributed under the License is distributed on an
 * ""AS IS"" BASIS, WITHOUT WARRANTIES OR CONDITIONS OF ANY
 * KIND, either express or implied.  See the License for the
 * specific language governing permissions and limitations
",1.0,pythia-evals,1127,1126
1135,"\usepackage{amsmath}
                \usepackage{wasysym} 
                \usepackage{amsfonts} 
                \usepackage{amssymb} 
                \usepackage{amsbsy}
                \usepackage{mathrsfs}
                \usepackage{upgreek}
                \setlength{\oddsidemargin}{-69pt}
                \begin{document}$$","\usepackage{amsmath}
                \usepackage{wasysym} 
                \usepackage{amsfonts} 
                \usepackage{amssymb} 
                \usepackage{amsbsy}
                \usepackage{mathrsfs}
                \usepackage{upgreek}
                \setlength{\oddsidemargin}{-69pt}
                \begin{document}$$",1.0,pythia-evals,1136,1135
1205,"pt]{minimal}
                \usepackage{amsmath}
                \usepackage{wasysym} 
                \usepackage{amsfonts} 
                \usepackage{amssymb} 
                \usepackage{amsbsy}
                \usepackage{mathrsfs}
                \usepackage{upgreek}
                \setlength{\oddsidemargin}{-69pt}
","pt]{minimal}
                \usepackage{amsmath}
                \usepackage{wasysym} 
                \usepackage{amsfonts} 
                \usepackage{amssymb} 
                \usepackage{amsbsy}
                \usepackage{mathrsfs}
                \usepackage{upgreek}
                \setlength{\oddsidemargin}{-69pt}
",1.0,pythia-evals,1206,1205
1232,"documentclass[12pt]{minimal}
                \usepackage{amsmath}
                \usepackage{wasysym} 
                \usepackage{amsfonts} 
                \usepackage{amssymb} 
                \usepackage{amsbsy}
                \usepackage{mathrsfs}
                \usepackage{upgreek}
                \setlength{\oddsidemargin}{-69","documentclass[12pt]{minimal}
                \usepackage{amsmath}
                \usepackage{wasysym} 
                \usepackage{amsfonts} 
                \usepackage{amssymb} 
                \usepackage{amsbsy}
                \usepackage{mathrsfs}
                \usepackage{upgreek}
                \setlength{\oddsidemargin}{-69",1.0,pythia-evals,1233,1232
1295,"minimal}
                \usepackage{amsmath}
                \usepackage{wasysym} 
                \usepackage{amsfonts} 
                \usepackage{amssymb} 
                \usepackage{amsbsy}
                \usepackage{mathrsfs}
                \usepackage{upgreek}
                \setlength{\oddsidemargin}{-69pt}
                \","minimal}
                \usepackage{amsmath}
                \usepackage{wasysym} 
                \usepackage{amsfonts} 
                \usepackage{amssymb} 
                \usepackage{amsbsy}
                \usepackage{mathrsfs}
                \usepackage{upgreek}
                \setlength{\oddsidemargin}{-69pt}
                \",1.0,pythia-evals,1296,1295
1306,"minimal}
                \usepackage{amsmath}
                \usepackage{wasysym} 
                \usepackage{amsfonts} 
                \usepackage{amssymb} 
                \usepackage{amsbsy}
                \usepackage{mathrsfs}
                \usepackage{upgreek}
                \setlength{\oddsidemargin}{-69pt}
                \","minimal}
                \usepackage{amsmath}
                \usepackage{wasysym} 
                \usepackage{amsfonts} 
                \usepackage{amssymb} 
                \usepackage{amsbsy}
                \usepackage{mathrsfs}
                \usepackage{upgreek}
                \setlength{\oddsidemargin}{-69pt}
                \",1.0,pythia-evals,1307,1306
1350,"
                \usepackage{amsmath}
                \usepackage{wasysym} 
                \usepackage{amsfonts} 
                \usepackage{amssymb} 
                \usepackage{amsbsy}
                \usepackage{mathrsfs}
                \usepackage{upgreek}
                \setlength{\oddsidemargin}{-69pt}
                \begin{","
                \usepackage{amsmath}
                \usepackage{wasysym} 
                \usepackage{amsfonts} 
                \usepackage{amssymb} 
                \usepackage{amsbsy}
                \usepackage{mathrsfs}
                \usepackage{upgreek}
                \setlength{\oddsidemargin}{-69pt}
                \begin{",1.0,pythia-evals,1351,1350
1395," $$\documentclass[12pt]{minimal}
                \usepackage{amsmath}
                \usepackage{wasysym} 
                \usepackage{amsfonts} 
                \usepackage{amssymb} 
                \usepackage{amsbsy}
                \usepackage{mathrsfs}
                \usepackage{upgreek}
                \setlength{\oddsidemargin}{-"," $$\documentclass[12pt]{minimal}
                \usepackage{amsmath}
                \usepackage{wasysym} 
                \usepackage{amsfonts} 
                \usepackage{amssymb} 
                \usepackage{amsbsy}
                \usepackage{mathrsfs}
                \usepackage{upgreek}
                \setlength{\oddsidemargin}{-",1.0,pythia-evals,1397,1395
1484," * Permission is hereby granted, free of charge, to any person obtaining a
 * copy of this software and associated documentation files (the ""Software""),
 * to deal in the Software without restriction, including without limitation
 * the rights to use, copy, modify, merge, publish, distribute, sublicense,
"," * Permission is hereby granted, free of charge, to any person obtaining a
 * copy of this software and associated documentation files (the ""Software""),
 * to deal in the Software without restriction, including without limitation
 * the rights to use, copy, modify, merge, publish, distribute, sublicense,
",1.0,pythia-evals,1486,1484
1537,"documentclass[12pt]{minimal}
                \usepackage{amsmath}
                \usepackage{wasysym} 
                \usepackage{amsfonts} 
                \usepackage{amssymb} 
                \usepackage{amsbsy}
                \usepackage{mathrsfs}
                \usepackage{upgreek}
                \setlength{\oddsidemargin}{-69","documentclass[12pt]{minimal}
                \usepackage{amsmath}
                \usepackage{wasysym} 
                \usepackage{amsfonts} 
                \usepackage{amssymb} 
                \usepackage{amsbsy}
                \usepackage{mathrsfs}
                \usepackage{upgreek}
                \setlength{\oddsidemargin}{-69",1.0,pythia-evals,1539,1537
1577,"[12pt]{minimal}
                \usepackage{amsmath}
                \usepackage{wasysym} 
                \usepackage{amsfonts} 
                \usepackage{amssymb} 
                \usepackage{amsbsy}
                \usepackage{mathrsfs}
                \usepackage{upgreek}
                \setlength{\oddsidemargin}{-69pt","[12pt]{minimal}
                \usepackage{amsmath}
                \usepackage{wasysym} 
                \usepackage{amsfonts} 
                \usepackage{amssymb} 
                \usepackage{amsbsy}
                \usepackage{mathrsfs}
                \usepackage{upgreek}
                \setlength{\oddsidemargin}{-69pt",1.0,pythia-evals,1579,1577
1605,"minimal}
                \usepackage{amsmath}
                \usepackage{wasysym} 
                \usepackage{amsfonts} 
                \usepackage{amssymb} 
                \usepackage{amsbsy}
                \usepackage{mathrsfs}
                \usepackage{upgreek}
                \setlength{\oddsidemargin}{-69pt}
                \","minimal}
                \usepackage{amsmath}
                \usepackage{wasysym} 
                \usepackage{amsfonts} 
                \usepackage{amssymb} 
                \usepackage{amsbsy}
                \usepackage{mathrsfs}
                \usepackage{upgreek}
                \setlength{\oddsidemargin}{-69pt}
                \",1.0,pythia-evals,1607,1605
1731,"documentclass[12pt]{minimal}
                \usepackage{amsmath}
                \usepackage{wasysym} 
                \usepackage{amsfonts} 
                \usepackage{amssymb} 
                \usepackage{amsbsy}
                \usepackage{mathrsfs}
                \usepackage{upgreek}
                \setlength{\oddsidemargin}{-69","documentclass[12pt]{minimal}
                \usepackage{amsmath}
                \usepackage{wasysym} 
                \usepackage{amsfonts} 
                \usepackage{amssymb} 
                \usepackage{amsbsy}
                \usepackage{mathrsfs}
                \usepackage{upgreek}
                \setlength{\oddsidemargin}{-69",1.0,pythia-evals,1733,1731
1791,"\usepackage{amsmath}
                \usepackage{wasysym} 
                \usepackage{amsfonts} 
                \usepackage{amssymb} 
                \usepackage{amsbsy}
                \usepackage{mathrsfs}
                \usepackage{upgreek}
                \setlength{\oddsidemargin}{-69pt}
                \begin{document}$$","\usepackage{amsmath}
                \usepackage{wasysym} 
                \usepackage{amsfonts} 
                \usepackage{amssymb} 
                \usepackage{amsbsy}
                \usepackage{mathrsfs}
                \usepackage{upgreek}
                \setlength{\oddsidemargin}{-69pt}
                \begin{document}$$",1.0,pythia-evals,1793,1791
1954," \""Update My Information\"" link at the top of the page, and update your user information. If you have any billing related questions, please contact our Author Billing department directly at <authorbilling@plos.org>.

If your institution or institutions have a press office, please notify them about your upcoming"," \""Update My Information\"" link at the top of the page, and update your user information. If you have any billing related questions, please contact our Author Billing department directly at <authorbilling@plos.org>.

If your institution or institutions have a press office, please notify them about your upcoming",1.0,pythia-evals,1956,1954
1993," is free. Then, login and navigate to the UPLOAD tab, where you will find detailed instructions on how to use the tool. If you encounter any issues or have any questions when using PACE, please email us at <figures@plos.org>.

We hope to receive your revised manuscript"," is free. Then, login and navigate to the UPLOAD tab, where you will find detailed instructions on how to use the tool. If you encounter any issues or have any questions when using PACE, please email us at <figures@plos.org>. Please note that Supporting Information files do not need",0.859375,pythia-evals,1995,1993
2031,"documentclass[12pt]{minimal}
                \usepackage{amsmath}
                \usepackage{wasysym} 
                \usepackage{amsfonts} 
                \usepackage{amssymb} 
                \usepackage{amsbsy}
                \usepackage{mathrsfs}
                \usepackage{upgreek}
                \setlength{\oddsidemargin}{-69","documentclass[12pt]{minimal}
                \usepackage{amsmath}
                \usepackage{wasysym} 
                \usepackage{amsfonts} 
                \usepackage{amssymb} 
                \usepackage{amsbsy}
                \usepackage{mathrsfs}
                \usepackage{upgreek}
                \setlength{\oddsidemargin}{-69",1.0,pythia-evals,2033,2031
2094,"[12pt]{minimal}
                \usepackage{amsmath}
                \usepackage{wasysym} 
                \usepackage{amsfonts} 
                \usepackage{amssymb} 
                \usepackage{amsbsy}
                \usepackage{mathrsfs}
                \usepackage{upgreek}
                \setlength{\oddsidemargin}{-69pt","[12pt]{minimal}
                \usepackage{amsmath}
                \usepackage{wasysym} 
                \usepackage{amsfonts} 
                \usepackage{amssymb} 
                \usepackage{amsbsy}
                \usepackage{mathrsfs}
                \usepackage{upgreek}
                \setlength{\oddsidemargin}{-69pt",1.0,pythia-evals,2096,2094
2129,"                \usepackage{amsmath}
                \usepackage{wasysym} 
                \usepackage{amsfonts} 
                \usepackage{amssymb} 
                \usepackage{amsbsy}
                \usepackage{mathrsfs}
                \usepackage{upgreek}
                \setlength{\oddsidemargin}{-69pt}
                \begin{document","                \usepackage{amsmath}
                \usepackage{wasysym} 
                \usepackage{amsfonts} 
                \usepackage{amssymb} 
                \usepackage{amsbsy}
                \usepackage{mathrsfs}
                \usepackage{upgreek}
                \setlength{\oddsidemargin}{-69pt}
                \begin{document",1.0,pythia-evals,2132,2129
2140,"
                \usepackage{amsmath}
                \usepackage{wasysym} 
                \usepackage{amsfonts} 
                \usepackage{amssymb} 
                \usepackage{amsbsy}
                \usepackage{mathrsfs}
                \usepackage{upgreek}
                \setlength{\oddsidemargin}{-69pt}
                \begin{","
                \usepackage{amsmath}
                \usepackage{wasysym} 
                \usepackage{amsfonts} 
                \usepackage{amssymb} 
                \usepackage{amsbsy}
                \usepackage{mathrsfs}
                \usepackage{upgreek}
                \setlength{\oddsidemargin}{-69pt}
                \begin{",1.0,pythia-evals,2143,2140
2266,"
                \usepackage{amsmath}
                \usepackage{wasysym} 
                \usepackage{amsfonts} 
                \usepackage{amssymb} 
                \usepackage{amsbsy}
                \usepackage{mathrsfs}
                \usepackage{upgreek}
                \setlength{\oddsidemargin}{-69pt}
                \begin{","
                \usepackage{amsmath}
                \usepackage{wasysym} 
                \usepackage{amsfonts} 
                \usepackage{amssymb} 
                \usepackage{amsbsy}
                \usepackage{mathrsfs}
                \usepackage{upgreek}
                \setlength{\oddsidemargin}{-69pt}
                \begin{",1.0,pythia-evals,2269,2266
2372," $$\documentclass[12pt]{minimal}
                \usepackage{amsmath}
                \usepackage{wasysym} 
                \usepackage{amsfonts} 
                \usepackage{amssymb} 
                \usepackage{amsbsy}
                \usepackage{mathrsfs}
                \usepackage{upgreek}
                \setlength{\oddsidemargin}{-"," $$\documentclass[12pt]{minimal}
                \usepackage{amsmath}
                \usepackage{wasysym} 
                \usepackage{amsfonts} 
                \usepackage{amssymb} 
                \usepackage{amsbsy}
                \usepackage{mathrsfs}
                \usepackage{upgreek}
                \setlength{\oddsidemargin}{-",1.0,pythia-evals,2375,2372
2395,"]{minimal}
                \usepackage{amsmath}
                \usepackage{wasysym} 
                \usepackage{amsfonts} 
                \usepackage{amssymb} 
                \usepackage{amsbsy}
                \usepackage{mathrsfs}
                \usepackage{upgreek}
                \setlength{\oddsidemargin}{-69pt}
                ","]{minimal}
                \usepackage{amsmath}
                \usepackage{wasysym} 
                \usepackage{amsfonts} 
                \usepackage{amssymb} 
                \usepackage{amsbsy}
                \usepackage{mathrsfs}
                \usepackage{upgreek}
                \setlength{\oddsidemargin}{-69pt}
                ",1.0,pythia-evals,2398,2395
2422,"
                \usepackage{amsmath}
                \usepackage{wasysym} 
                \usepackage{amsfonts} 
                \usepackage{amssymb} 
                \usepackage{amsbsy}
                \usepackage{mathrsfs}
                \usepackage{upgreek}
                \setlength{\oddsidemargin}{-69pt}
                \begin{","
                \usepackage{amsmath}
                \usepackage{wasysym} 
                \usepackage{amsfonts} 
                \usepackage{amssymb} 
                \usepackage{amsbsy}
                \usepackage{mathrsfs}
                \usepackage{upgreek}
                \setlength{\oddsidemargin}{-69pt}
                \begin{",1.0,pythia-evals,2425,2422
2458,"12pt]{minimal}
                \usepackage{amsmath}
                \usepackage{wasysym} 
                \usepackage{amsfonts} 
                \usepackage{amssymb} 
                \usepackage{amsbsy}
                \usepackage{mathrsfs}
                \usepackage{upgreek}
                \setlength{\oddsidemargin}{-69pt}","12pt]{minimal}
                \usepackage{amsmath}
                \usepackage{wasysym} 
                \usepackage{amsfonts} 
                \usepackage{amssymb} 
                \usepackage{amsbsy}
                \usepackage{mathrsfs}
                \usepackage{upgreek}
                \setlength{\oddsidemargin}{-69pt}",1.0,pythia-evals,2462,2458
2507,"documentclass[12pt]{minimal}
                \usepackage{amsmath}
                \usepackage{wasysym} 
                \usepackage{amsfonts} 
                \usepackage{amssymb} 
                \usepackage{amsbsy}
                \usepackage{mathrsfs}
                \usepackage{upgreek}
                \setlength{\oddsidemargin}{-69","documentclass[12pt]{minimal}
                \usepackage{amsmath}
                \usepackage{wasysym} 
                \usepackage{amsfonts} 
                \usepackage{amssymb} 
                \usepackage{amsbsy}
                \usepackage{mathrsfs}
                \usepackage{upgreek}
                \setlength{\oddsidemargin}{-69",1.0,pythia-evals,2511,2507
2508,                                                                                                                                                                                                                                                                                                                                                                                                                                                                                                                                                                                                                                                                                                                                                                                                                                                                                                                                                                                                                                                                                                                                                                                                                                                                                                                                                                                                                                                                                                                                                                                                ,                                                                                                                                                                                                                                                                                                                                                                                                                                                                                                                                                                                                                                                                                                                                                                                                                                                                                                                                                                                                                                                                                                                                                                                                                                                                                                                                                                                                                                                                                                                                                                                                ,1.0,pythia-evals,2512,2508
2556,"documentclass[12pt]{minimal}
                \usepackage{amsmath}
                \usepackage{wasysym} 
                \usepackage{amsfonts} 
                \usepackage{amssymb} 
                \usepackage{amsbsy}
                \usepackage{mathrsfs}
                \usepackage{upgreek}
                \setlength{\oddsidemargin}{-69","documentclass[12pt]{minimal}
                \usepackage{amsmath}
                \usepackage{wasysym} 
                \usepackage{amsfonts} 
                \usepackage{amssymb} 
                \usepackage{amsbsy}
                \usepackage{mathrsfs}
                \usepackage{upgreek}
                \setlength{\oddsidemargin}{-69",1.0,pythia-evals,2560,2556
2578," Kubernetes Authors.

Licensed under the Apache License, Version 2.0 (the ""License"");
you may not use this file except in compliance with the License.
You may obtain a copy of the License at

    http://www.apache.org/licenses/LICENSE-2.0

"," Kubernetes Authors.

Licensed under the Apache License, Version 2.0 (the ""License"");
you may not use this file except in compliance with the License.
You may obtain a copy of the License at

    http://www.apache.org/licenses/LICENSE-2.0

",1.0,pythia-evals,2582,2578
2713," $\documentclass[12pt]{minimal}
                \usepackage{amsmath}
                \usepackage{wasysym} 
                \usepackage{amsfonts} 
                \usepackage{amssymb} 
                \usepackage{amsbsy}
                \usepackage{mathrsfs}
                \usepackage{upgreek}
                \setlength{\oddsidemargin}{-"," $\documentclass[12pt]{minimal}
                \usepackage{amsmath}
                \usepackage{wasysym} 
                \usepackage{amsfonts} 
                \usepackage{amssymb} 
                \usepackage{amsbsy}
                \usepackage{mathrsfs}
                \usepackage{upgreek}
                \setlength{\oddsidemargin}{-",1.0,pythia-evals,2717,2713
2756,"//
//     Generated by class-dump 3.5 (64 bit) (Debug version compiled Oct 15 2018 10:31:50).
//
//     class-dump is Copyright (C) 1997-1998, 2000-2001, 2004-2015 by Steve Nygard.
//

#","//
//     Generated by class-dump 3.5 (64 bit) (Debug version compiled Oct 15 2018 10:31:50).
//
//     class-dump is Copyright (C) 1997-1998, 2000-2001, 2004-2015 by Steve Nygard.
//

#",1.0,pythia-evals,2760,2756
2800,"]{minimal}
                \usepackage{amsmath}
                \usepackage{wasysym} 
                \usepackage{amsfonts} 
                \usepackage{amssymb} 
                \usepackage{amsbsy}
                \usepackage{mathrsfs}
                \usepackage{upgreek}
                \setlength{\oddsidemargin}{-69pt}
                ","]{minimal}
                \usepackage{amsmath}
                \usepackage{wasysym} 
                \usepackage{amsfonts} 
                \usepackage{amssymb} 
                \usepackage{amsbsy}
                \usepackage{mathrsfs}
                \usepackage{upgreek}
                \setlength{\oddsidemargin}{-69pt}
                ",1.0,pythia-evals,2804,2800
2919,"
                \usepackage{amsmath}
                \usepackage{wasysym} 
                \usepackage{amsfonts} 
                \usepackage{amssymb} 
                \usepackage{amsbsy}
                \usepackage{mathrsfs}
                \usepackage{upgreek}
                \setlength{\oddsidemargin}{-69pt}
                \begin{","
                \usepackage{amsmath}
                \usepackage{wasysym} 
                \usepackage{amsfonts} 
                \usepackage{amssymb} 
                \usepackage{amsbsy}
                \usepackage{mathrsfs}
                \usepackage{upgreek}
                \setlength{\oddsidemargin}{-69pt}
                \begin{",1.0,pythia-evals,2924,2919
3008," *
 * Unless required by applicable law or agreed to in writing, software
 * distributed under the License is distributed on an ""AS IS"" BASIS,
 * WITHOUT WARRANTIES OR CONDITIONS OF ANY KIND, either express or implied.
 * See the License for the specific language governing permissions and
 * limitations under the License"," *
 * Unless required by applicable law or agreed to in writing, software
 * distributed under the License is distributed on an ""AS IS"" BASIS,
 * WITHOUT WARRANTIES OR CONDITIONS OF ANY KIND, either express or implied.
 * See the License for the specific language governing permissions and
 * limitations under the License",1.0,pythia-evals,3013,3008
3105,"                \usepackage{amsmath}
                \usepackage{wasysym} 
                \usepackage{amsfonts} 
                \usepackage{amssymb} 
                \usepackage{amsbsy}
                \usepackage{mathrsfs}
                \usepackage{upgreek}
                \setlength{\oddsidemargin}{-69pt}
                \begin{document","                \usepackage{amsmath}
                \usepackage{wasysym} 
                \usepackage{amsfonts} 
                \usepackage{amssymb} 
                \usepackage{amsbsy}
                \usepackage{mathrsfs}
                \usepackage{upgreek}
                \setlength{\oddsidemargin}{-69pt}
                \begin{document",1.0,pythia-evals,3111,3105
3108,"
                \usepackage{amsmath}
                \usepackage{wasysym} 
                \usepackage{amsfonts} 
                \usepackage{amssymb} 
                \usepackage{amsbsy}
                \usepackage{mathrsfs}
                \usepackage{upgreek}
                \setlength{\oddsidemargin}{-69pt}
                \begin{","
                \usepackage{amsmath}
                \usepackage{wasysym} 
                \usepackage{amsfonts} 
                \usepackage{amssymb} 
                \usepackage{amsbsy}
                \usepackage{mathrsfs}
                \usepackage{upgreek}
                \setlength{\oddsidemargin}{-69pt}
                \begin{",1.0,pythia-evals,3114,3108
3120,"
                \usepackage{amsmath}
                \usepackage{wasysym} 
                \usepackage{amsfonts} 
                \usepackage{amssymb} 
                \usepackage{amsbsy}
                \usepackage{mathrsfs}
                \usepackage{upgreek}
                \setlength{\oddsidemargin}{-69pt}
                \begin{","
                \usepackage{amsmath}
                \usepackage{wasysym} 
                \usepackage{amsfonts} 
                \usepackage{amssymb} 
                \usepackage{amsbsy}
                \usepackage{mathrsfs}
                \usepackage{upgreek}
                \setlength{\oddsidemargin}{-69pt}
                \begin{",1.0,pythia-evals,3126,3120
3129,".0 (the ""License"");
you may not use this file except in compliance with the License.
You may obtain a copy of the License at

    http://www.apache.org/licenses/LICENSE-2.0

Unless required by applicable law or agreed to in writing, software
distributed",".0 (the ""License"");
you may not use this file except in compliance with the License.
You may obtain a copy of the License at

    http://www.apache.org/licenses/LICENSE-2.0

Unless required by applicable law or agreed to in writing, software
distributed",1.0,pythia-evals,3135,3129
3134,"                \usepackage{amsmath}
                \usepackage{wasysym} 
                \usepackage{amsfonts} 
                \usepackage{amssymb} 
                \usepackage{amsbsy}
                \usepackage{mathrsfs}
                \usepackage{upgreek}
                \setlength{\oddsidemargin}{-69pt}
                \begin{document","                \usepackage{amsmath}
                \usepackage{wasysym} 
                \usepackage{amsfonts} 
                \usepackage{amssymb} 
                \usepackage{amsbsy}
                \usepackage{mathrsfs}
                \usepackage{upgreek}
                \setlength{\oddsidemargin}{-69pt}
                \begin{document",1.0,pythia-evals,3140,3134
3221," * Permission is hereby granted, free of charge, to any person obtaining a
 * copy of this software and associated documentation files (the ""Software""),
 * to deal in the Software without restriction, including without limitation
 * the rights to use, copy, modify, merge, publish, distribute, sublicense,
"," * Permission is hereby granted, free of charge, to any person obtaining a
 * copy of this software and associated documentation files (the ""Software""),
 * to deal in the Software without restriction, including without limitation
 * the rights to use, copy, modify, merge, publish, distribute, sublicense,
",1.0,pythia-evals,3227,3221
3228," *
 * Unless required by applicable law or agreed to in writing, software
 * distributed under the License is distributed on an ""AS IS"" BASIS,
 * WITHOUT WARRANTIES OR CONDITIONS OF ANY KIND, either express or implied.
 * See the License for the specific language governing permissions and
 * limitations under the License"," *
 * Unless required by applicable law or agreed to in writing, software
 * distributed under the License is distributed on an ""AS IS"" BASIS,
 * WITHOUT WARRANTIES OR CONDITIONS OF ANY KIND, either express or implied.
 * See the License for the specific language governing permissions and
 * limitations under the License",1.0,pythia-evals,3234,3228
3242,"                \usepackage{amsmath}
                \usepackage{wasysym} 
                \usepackage{amsfonts} 
                \usepackage{amssymb} 
                \usepackage{amsbsy}
                \usepackage{mathrsfs}
                \usepackage{upgreek}
                \setlength{\oddsidemargin}{-69pt}
                \begin{document","                \usepackage{amsmath}
                \usepackage{wasysym} 
                \usepackage{amsfonts} 
                \usepackage{amssymb} 
                \usepackage{amsbsy}
                \usepackage{mathrsfs}
                \usepackage{upgreek}
                \setlength{\oddsidemargin}{-69pt}
                \begin{document",1.0,pythia-evals,3248,3242
3519," $\documentclass[12pt]{minimal}
                \usepackage{amsmath}
                \usepackage{wasysym} 
                \usepackage{amsfonts} 
                \usepackage{amssymb} 
                \usepackage{amsbsy}
                \usepackage{mathrsfs}
                \usepackage{upgreek}
                \setlength{\oddsidemargin}{-"," $\documentclass[12pt]{minimal}
                \usepackage{amsmath}
                \usepackage{wasysym} 
                \usepackage{amsfonts} 
                \usepackage{amssymb} 
                \usepackage{amsbsy}
                \usepackage{mathrsfs}
                \usepackage{upgreek}
                \setlength{\oddsidemargin}{-",1.0,pythia-evals,3526,3519
3616,"pt]{minimal}
                \usepackage{amsmath}
                \usepackage{wasysym} 
                \usepackage{amsfonts} 
                \usepackage{amssymb} 
                \usepackage{amsbsy}
                \usepackage{mathrsfs}
                \usepackage{upgreek}
                \setlength{\oddsidemargin}{-69pt}
","pt]{minimal}
                \usepackage{amsmath}
                \usepackage{wasysym} 
                \usepackage{amsfonts} 
                \usepackage{amssymb} 
                \usepackage{amsbsy}
                \usepackage{mathrsfs}
                \usepackage{upgreek}
                \setlength{\oddsidemargin}{-69pt}
",1.0,pythia-evals,3623,3616
3630,"144. 
  145. 
  146. 
  147. 
  148. 
  149. 
  150. 
  151. 
  152. 
  153. 
  154. 
  155. 
  156. 
  157. 
  158. 
  159. 
  ","144. 
  145. 
  146. 
  147. 
  148. 
  149. 
  150. 
  151. 
  152. 
  153. 
  154. 
  155. 
  156. 
  157. 
  158. 
  159. 
  ",1.0,pythia-evals,3637,3630
3767," connection between the wireless communication devices, the associated base stations and/or associated access points communicate with each other directly, via a system controller, via the public switch telephone network, via the Internet, and/or via some other wide area network.
For each wireless communication device to participate in wireless communications, it includes a"," connection between the wireless communication devices, the associated base stations and/or associated access points communicate with each other directly, via a system controller, via the public switch telephone network, via the Internet, and/or via some other wide area network.
For each wireless communication device to participate in wireless communications, it includes a",1.0,pythia-evals,3775,3767
3875," is free. Then, login and navigate to the UPLOAD tab, where you will find detailed instructions on how to use the tool. If you encounter any issues or have any questions when using PACE, please email us at <figures@plos.org>.

We hope to receive your revised manuscript"," is free. Then, login and navigate to the UPLOAD tab, where you will find detailed instructions on how to use the tool. If you encounter any issues or have any questions when using PACE, please email us at <figures@plos.org>. Please note that Supporting Information files do not need",0.859375,pythia-evals,3883,3875
3907,"]{minimal}
                \usepackage{amsmath}
                \usepackage{wasysym} 
                \usepackage{amsfonts} 
                \usepackage{amssymb} 
                \usepackage{amsbsy}
                \usepackage{mathrsfs}
                \usepackage{upgreek}
                \setlength{\oddsidemargin}{-69pt}
                ","]{minimal}
                \usepackage{amsmath}
                \usepackage{wasysym} 
                \usepackage{amsfonts} 
                \usepackage{amssymb} 
                \usepackage{amsbsy}
                \usepackage{mathrsfs}
                \usepackage{upgreek}
                \setlength{\oddsidemargin}{-69pt}
                ",1.0,pythia-evals,3915,3907
3935,"pt]{minimal}
                \usepackage{amsmath}
                \usepackage{wasysym} 
                \usepackage{amsfonts} 
                \usepackage{amssymb} 
                \usepackage{amsbsy}
                \usepackage{mathrsfs}
                \usepackage{upgreek}
                \setlength{\oddsidemargin}{-69pt}
","pt]{minimal}
                \usepackage{amsmath}
                \usepackage{wasysym} 
                \usepackage{amsfonts} 
                \usepackage{amssymb} 
                \usepackage{amsbsy}
                \usepackage{mathrsfs}
                \usepackage{upgreek}
                \setlength{\oddsidemargin}{-69pt}
",1.0,pythia-evals,3943,3935
3940,"\usepackage{amsmath}
                \usepackage{wasysym} 
                \usepackage{amsfonts} 
                \usepackage{amssymb} 
                \usepackage{amsbsy}
                \usepackage{mathrsfs}
                \usepackage{upgreek}
                \setlength{\oddsidemargin}{-69pt}
                \begin{document}$$","\usepackage{amsmath}
                \usepackage{wasysym} 
                \usepackage{amsfonts} 
                \usepackage{amssymb} 
                \usepackage{amsbsy}
                \usepackage{mathrsfs}
                \usepackage{upgreek}
                \setlength{\oddsidemargin}{-69pt}
                \begin{document}$$",1.0,pythia-evals,3948,3940
3960,"\usepackage{amsmath}
                \usepackage{wasysym} 
                \usepackage{amsfonts} 
                \usepackage{amssymb} 
                \usepackage{amsbsy}
                \usepackage{mathrsfs}
                \usepackage{upgreek}
                \setlength{\oddsidemargin}{-69pt}
                \begin{document}$$","\usepackage{amsmath}
                \usepackage{wasysym} 
                \usepackage{amsfonts} 
                \usepackage{amssymb} 
                \usepackage{amsbsy}
                \usepackage{mathrsfs}
                \usepackage{upgreek}
                \setlength{\oddsidemargin}{-69pt}
                \begin{document}$$",1.0,pythia-evals,3968,3960
4103,"documentclass[12pt]{minimal}
                \usepackage{amsmath}
                \usepackage{wasysym} 
                \usepackage{amsfonts} 
                \usepackage{amssymb} 
                \usepackage{amsbsy}
                \usepackage{mathrsfs}
                \usepackage{upgreek}
                \setlength{\oddsidemargin}{-69","documentclass[12pt]{minimal}
                \usepackage{amsmath}
                \usepackage{wasysym} 
                \usepackage{amsfonts} 
                \usepackage{amssymb} 
                \usepackage{amsbsy}
                \usepackage{mathrsfs}
                \usepackage{upgreek}
                \setlength{\oddsidemargin}{-69",1.0,pythia-evals,4112,4103
4106,"144. 
  145. 
  146. 
  147. 
  148. 
  149. 
  150. 
  151. 
  152. 
  153. 
  154. 
  155. 
  156. 
  157. 
  158. 
  159. 
  ","144. 
  145. 
  146. 
  147. 
  148. 
  149. 
  150. 
  151. 
  152. 
  153. 
  154. 
  155. 
  156. 
  157. 
  158. 
  159. 
  ",1.0,pythia-evals,4115,4106
4154,"}
                \usepackage{amsmath}
                \usepackage{wasysym} 
                \usepackage{amsfonts} 
                \usepackage{amssymb} 
                \usepackage{amsbsy}
                \usepackage{mathrsfs}
                \usepackage{upgreek}
                \setlength{\oddsidemargin}{-69pt}
                \begin","}
                \usepackage{amsmath}
                \usepackage{wasysym} 
                \usepackage{amsfonts} 
                \usepackage{amssymb} 
                \usepackage{amsbsy}
                \usepackage{mathrsfs}
                \usepackage{upgreek}
                \setlength{\oddsidemargin}{-69pt}
                \begin",1.0,pythia-evals,4163,4154
4281,".0 (the ""License"");
you may not use this file except in compliance with the License.
You may obtain a copy of the License at

    http://www.apache.org/licenses/LICENSE-2.0

Unless required by applicable law or agreed to in writing, software
distributed",".0 (the ""License"");
you may not use this file except in compliance with the License.
You may obtain a copy of the License at

    http://www.apache.org/licenses/LICENSE-2.0

Unless required by applicable law or agreed to in writing, software
distributed",1.0,pythia-evals,4291,4281
4555,"12pt]{minimal}
                \usepackage{amsmath}
                \usepackage{wasysym} 
                \usepackage{amsfonts} 
                \usepackage{amssymb} 
                \usepackage{amsbsy}
                \usepackage{mathrsfs}
                \usepackage{upgreek}
                \setlength{\oddsidemargin}{-69pt}","12pt]{minimal}
                \usepackage{amsmath}
                \usepackage{wasysym} 
                \usepackage{amsfonts} 
                \usepackage{amssymb} 
                \usepackage{amsbsy}
                \usepackage{mathrsfs}
                \usepackage{upgreek}
                \setlength{\oddsidemargin}{-69pt}",1.0,pythia-evals,4566,4555
4694," connection between the wireless communication devices, the associated base stations and/or associated access points communicate with each other directly, via a system controller, via the public switch telephone network, via the Internet, and/or via some other wide area network.
For each wireless communication device to participate in wireless communications, it includes a"," connection between the wireless communication devices, the associated base stations and/or associated access points communicate with each other directly, via a system controller, via the public switch telephone network, via the Internet, and/or via some other wide area network.
For each wireless communication device to participate in wireless communications, it includes a",1.0,pythia-evals,4705,4694
4769,"                \usepackage{amsmath}
                \usepackage{wasysym} 
                \usepackage{amsfonts} 
                \usepackage{amssymb} 
                \usepackage{amsbsy}
                \usepackage{mathrsfs}
                \usepackage{upgreek}
                \setlength{\oddsidemargin}{-69pt}
                \begin{document","                \usepackage{amsmath}
                \usepackage{wasysym} 
                \usepackage{amsfonts} 
                \usepackage{amssymb} 
                \usepackage{amsbsy}
                \usepackage{mathrsfs}
                \usepackage{upgreek}
                \setlength{\oddsidemargin}{-69pt}
                \begin{document",1.0,pythia-evals,4780,4769
4810,"documentclass[12pt]{minimal}
                \usepackage{amsmath}
                \usepackage{wasysym} 
                \usepackage{amsfonts} 
                \usepackage{amssymb} 
                \usepackage{amsbsy}
                \usepackage{mathrsfs}
                \usepackage{upgreek}
                \setlength{\oddsidemargin}{-69","documentclass[12pt]{minimal}
                \usepackage{amsmath}
                \usepackage{wasysym} 
                \usepackage{amsfonts} 
                \usepackage{amssymb} 
                \usepackage{amsbsy}
                \usepackage{mathrsfs}
                \usepackage{upgreek}
                \setlength{\oddsidemargin}{-69",1.0,pythia-evals,4821,4810
4816,"	ETHERTYPE_RATIONAL                = 0x8150
	ETHERTYPE_RAWFR                   = 0x6559
	ETHERTYPE_RCL                     = 0x1995
	ETHERTYPE_RDP                     = 0x8739
	ETHERTYPE_RETIX                   = 0x80f2
	ETHERTYPE_RE","	ETHERTYPE_RATIONAL                = 0x8150
	ETHERTYPE_RAWFR                   = 0x6559
	ETHERTYPE_RCL                     = 0x1995
	ETHERTYPE_RDP                     = 0x8739
	ETHERTYPE_RETIX                   = 0x80f2
	ETHERTYPE_RE",1.0,pythia-evals,4827,4816
4835,".0 (the ""License"");
you may not use this file except in compliance with the License.
You may obtain a copy of the License at

    http://www.apache.org/licenses/LICENSE-2.0

Unless required by applicable law or agreed to in writing, software
distributed",".0 (the ""License"");
you may not use this file except in compliance with the License.
You may obtain a copy of the License at

    http://www.apache.org/licenses/LICENSE-2.0

Unless required by applicable law or agreed to in writing, software
distributed",1.0,pythia-evals,4846,4835
4918,":$$\documentclass[12pt]{minimal}
                \usepackage{amsmath}
                \usepackage{wasysym} 
                \usepackage{amsfonts} 
                \usepackage{amssymb} 
                \usepackage{amsbsy}
                \usepackage{mathrsfs}
                \usepackage{upgreek}
                \setlength{\oddsidemargin}{-",":$$\documentclass[12pt]{minimal}
                \usepackage{amsmath}
                \usepackage{wasysym} 
                \usepackage{amsfonts} 
                \usepackage{amssymb} 
                \usepackage{amsbsy}
                \usepackage{mathrsfs}
                \usepackage{upgreek}
                \setlength{\oddsidemargin}{-",1.0,pythia-evals,4930,4918
5046,"/*
* Licensed to the Apache Software Foundation (ASF) under one or more
* contributor license agreements.  See the NOTICE file distributed with
* this work for additional information regarding copyright ownership.
* The ASF licenses this file to You under the Apache License, Version 2.0
* (the","/*
* Licensed to the Apache Software Foundation (ASF) under one or more
* contributor license agreements.  See the NOTICE file distributed with
* this work for additional information regarding copyright ownership.
* The ASF licenses this file to You under the Apache License, Version 2.0
* (the",1.0,pile,58,58
5121,"<?xml version=""1.0"" encoding=""utf-8""?>
<LinearLayout xmlns:android=""http://schemas.android.com/apk/res/android""
    android:layout_width=""match_parent""
    android:layout_height=""match_parent""
    android:orientation","<?xml version=""1.0"" encoding=""utf-8""?>
<LinearLayout xmlns:android=""http://schemas.android.com/apk/res/android""
    android:layout_width=""match_parent""
    android:layout_height=""match_parent""
    android:background",0.984375,pile,134,133
5439,"<?php
/**
 * Magento
 *
 * NOTICE OF LICENSE
 *
 * This source file is subject to the Open Software License (OSL 3.0)
 * that is bundled with this package in the file LICENSE.txt.
 * It is also available through the world-wide-web","<?php
/**
 * Magento
 *
 * NOTICE OF LICENSE
 *
 * This source file is subject to the Open Software License (OSL 3.0)
 * that is bundled with this package in the file LICENSE.txt.
 * It is also available through the world-wide-web",1.0,pile,452,451
5521,"Thank you for visiting Dick's Sporting Goods. If you need assistance with shopping on our site, please call us at 1-877-846-9997 and a customer care representative will be happy to assist you. Please inform the Customer Service representative that you require assistance.

Product Information:

The","Thank you for visiting Dick's Sporting Goods. If you need assistance with shopping on our site, please call us at 1-877-846-9997 and a customer care representative will be happy to assist you. Please inform the Customer Service representative that you require assistance.

Product Selection

Suit",0.9375,pile,534,533
5532,"To link to the entire object, paste this link in email, IM or documentTo embed the entire object, paste this HTML in websiteTo link to this page, paste this link in email, IM or documentTo embed this page, paste this HTML in website

The Sun. (North Canton, Stark County","To link to the entire object, paste this link in email, IM or documentTo embed the entire object, paste this HTML in websiteTo link to this page, paste this link in email, IM or documentTo embed this page, paste this HTML in website

by Katie Dettman Griffin News Reporter Check out",0.84375,pile,545,544
5823,"/*
 * Licensed to the Apache Software Foundation (ASF) under one
 * or more contributor license agreements.  See the NOTICE file
 * distributed with this work for additional information
 * regarding copyright ownership.  The ASF licenses this file
 * to you under the Apache License, Version 2.0 (","/*
 * Licensed to the Apache Software Foundation (ASF) under one
 * or more contributor license agreements.  See the NOTICE file
 * distributed with this work for additional information
 * regarding copyright ownership.  The ASF licenses this file
 * to you under the Apache License, Version 2.0 (",1.0,pile,836,835
5913,"If this is your first visit, be sure to
check out the FAQ by clicking the
link above. You may have to register
before you can post: click the register link above to proceed. To start viewing messages,
select the forum that you want to visit from the selection below.

I'm","If this is your first visit, be sure to
check out the FAQ by clicking the
link above. You may have to register
before you can post: click the register link above to proceed. To start viewing messages,
select the forum that you want to visit from the selection below.

I get",0.984375,pile,926,925
6307,"<?xml version=""1.0"" encoding=""utf-8""?>
<LinearLayout xmlns:android=""http://schemas.android.com/apk/res/android""
    android:layout_width=""match_parent""
    android:layout_height=""match_parent""
    android:orientation","<?xml version=""1.0"" encoding=""utf-8""?>
<LinearLayout xmlns:android=""http://schemas.android.com/apk/res/android""
    android:layout_width=""wrap_content""
    android:layout_height=""wrap_content""
    android:orientation",0.9375,pile,1324,1319
6387,"Slashdot videos: Now with more Slashdot!

View

Discuss

Share

We've improved Slashdot's video section; now you can view our video interviews, product close-ups and site visits with all the usual Slashdot options to comment, share, etc.","Slashdot videos: Now with more Slashdot!

View

Discuss

Share

We've improved Slashdot's video section; now you can view our video interviews, product close-ups and site visits with all the usual Slashdot options to comment, share, etc.",1.0,pile,1407,1399
6634,"//
//     Generated by class-dump 3.5 (64 bit) (Debug version compiled Oct 15 2018 10:31:50).
//
//     class-dump is Copyright (C) 1997-1998, 2000-2001, 2004-2015 by Steve Nygard.
//

#","//
//     Generated by class-dump 3.5 (64 bit) (Debug version compiled Oct 15 2018 10:31:50).
//
//     class-dump is Copyright (C) 1997-1998, 2000-2001, 2004-2015 by Steve Nygard.
//

#",1.0,pile,1657,1646
6754,"//
//     Generated by class-dump 3.5 (64 bit) (Debug version compiled Oct 15 2018 10:31:50).
//
//     class-dump is Copyright (C) 1997-1998, 2000-2001, 2004-2015 by Steve Nygard.
//

#","//
//     Generated by class-dump 3.5 (64 bit) (Debug version compiled Oct 15 2018 10:31:50).
//
//     class-dump is Copyright (C) 1997-1998, 2000-2001, 2004-2015 by Steve Nygard.
//

#",1.0,pile,1777,1766
6847,"//
//     Generated by class-dump 3.5 (64 bit) (Debug version compiled Oct 15 2018 10:31:50).
//
//     class-dump is Copyright (C) 1997-1998, 2000-2001, 2004-2015 by Steve Nygard.
//

#","//
//     Generated by class-dump 3.5 (64 bit) (Debug version compiled Oct 15 2018 10:31:50).
//
//     class-dump is Copyright (C) 1997-1998, 2000-2001, 2004-2015 by Steve Nygard.
//

#",1.0,pile,1871,1859
7159,"If this is your first visit, be sure to
check out the FAQ by clicking the
link above. You may have to register
before you can post: click the register link above to proceed. To start viewing messages,
select the forum that you want to visit from the selection below.

I'm","If this is your first visit, be sure to
check out the FAQ by clicking the
link above. You may have to register
before you can post: click the register link above to proceed. To start viewing messages,
select the forum that you want to visit from the selection below.

AMD A",0.96875,pile,2184,2171
7343,"If this is your first visit, be sure to
check out the FAQ by clicking the
link above. You may have to register
before you can post: click the register link above to proceed. To start viewing messages,
select the forum that you want to visit from the selection below.

I'm","If this is your first visit, be sure to
check out the FAQ by clicking the
link above. You may have to register
before you can post: click the register link above to proceed. To start viewing messages,
select the forum that you want to visit from the selection below.

Bee",0.96875,pile,2369,2355
7384,"<!doctype html>
<html lang=""en"">
<head>
  <meta charset=""UTF-8"">
  <title>Example - example-example78-debug</title>
  

  <script src=""../../../angular.js""></script>
  

  
</head>","<!doctype html>
<html lang=""en"">
<head>
  <meta charset=""UTF-8"">
  <title>Example - example-cache-factory</title>
  <link href=""style.css"" rel=""stylesheet"" type=""text/css"">
  

",0.546875,pile,2410,2396
7457,"/*******************************************************************************
 *  Copyright 2012-2019 Amazon.com, Inc. or its affiliates. All Rights Reserved.
 *  Licensed under the Apache License, Version 2.0 (the ""License""). You may not use
 *  this file except in compliance with the License. A copy of the License","/*******************************************************************************
 *  Copyright 2012-2019 Amazon.com, Inc. or its affiliates. All Rights Reserved.
 *  Licensed under the Apache License, Version 2.0 (the ""License""). You may not use
 *  this file except in compliance with the License. A copy of the License",1.0,pile,2484,2469
7734,"/*
 * Licensed to the Apache Software Foundation (ASF) under one or more
 * contributor license agreements.  See the NOTICE file distributed with
 * this work for additional information regarding copyright ownership.
 * The ASF licenses this file to You under the Apache License, Version 2.0
 * (the","/*
 * Licensed to the Apache Software Foundation (ASF) under one or more
 * contributor license agreements.  See the NOTICE file distributed with
 * this work for additional information regarding copyright ownership.
 * The ASF licenses this file to You under the Apache License, Version 2.0
 * (the",1.0,pile,2767,2746
7840,"/**
 * The contents of this file are subject to the license and copyright
 * detailed in the LICENSE and NOTICE files at the root of the source
 * tree and available online at
 *
 * http://www.dspace.org/license/
 */
package org.dspace.app.rest","/**
 * The contents of this file are subject to the license and copyright
 * detailed in the LICENSE and NOTICE files at the root of the source
 * tree and available online at
 *
 * http://www.dspace.org/license/
 */
package org.dspace.serviceman",0.953125,pile,2873,2852
7904,"/*---------------------------------------------------------------------------*\
  =========                 |
  \\      /  F ield         | OpenFOAM: The Open Source CFD Toolbox
   \\    /   O peration     |
    \\  /    A nd           | Copyright (C) 2011-2013 OpenFOAM Foundation
","/*---------------------------------------------------------------------------*\
  =========                 |
  \\      /  F ield         | OpenFOAM: The Open Source CFD Toolbox
   \\    /   O peration     | Website:  https://openfoam.org
    \\  /    A nd           | Copyright (",0.65625,pile,2938,2916
7917,"/*
* Licensed to the Apache Software Foundation (ASF) under one or more
* contributor license agreements.  See the NOTICE file distributed with
* this work for additional information regarding copyright ownership.
* The ASF licenses this file to You under the Apache License, Version 2.0
* (the","/*
* Licensed to the Apache Software Foundation (ASF) under one or more
* contributor license agreements.  See the NOTICE file distributed with
* this work for additional information regarding copyright ownership.
* The ASF licenses this file to You under the Apache License, Version 2.0
* (the",1.0,pile,2951,2929
8001,"Note: Javascript is disabled or is not supported by your browser. For this reason, some items on this page will be unavailable. For more information about this message, please visit this page: About CDC.gov.

The National Institute for Occupational Safety and Health (NIOSH) is the federal agency within","Note: Javascript is disabled or is not supported by your browser. For this reason, some items on this page will be unavailable. For more information about this message, please visit this page: About CDC.gov.

Privacy Act System Notice 09-20-0160

This page contains several links to",0.703125,pile,3035,3013
8064,"To link to the entire object, paste this link in email, IM or documentTo embed the entire object, paste this HTML in websiteTo link to this page, paste this link in email, IM or documentTo embed this page, paste this HTML in website

The Sun. (North Canton, Stark County","To link to the entire object, paste this link in email, IM or documentTo embed the entire object, paste this HTML in websiteTo link to this page, paste this link in email, IM or documentTo embed this page, paste this HTML in website

P.R. Wins Senate Battle To Make CCC",0.84375,pile,3098,3076
8084,"<?php
/**
 * Magento
 *
 * NOTICE OF LICENSE
 *
 * This source file is subject to the Open Software License (OSL 3.0)
 * that is bundled with this package in the file LICENSE.txt.
 * It is also available through the world-wide-web","<?php
/**
 * Magento
 *
 * NOTICE OF LICENSE
 *
 * This source file is subject to the Open Software License (OSL 3.0)
 * that is bundled with this package in the file LICENSE.txt.
 * It is also available through the world-wide-web",1.0,pile,3119,3096
8416,"Slashdot videos: Now with more Slashdot!

View

Discuss

Share

We've improved Slashdot's video section; now you can view our video interviews, product close-ups and site visits with all the usual Slashdot options to comment, share, etc.","Slashdot videos: Now with more Slashdot!

View

Discuss

Share

We've improved Slashdot's video section; now you can view our video interviews, product close-ups and site visits with all the usual Slashdot options to comment, share, etc.",1.0,pile,3455,3428
8450,"/*
 * Licensed to the Apache Software Foundation (ASF) under one or more
 * contributor license agreements.  See the NOTICE file distributed with
 * this work for additional information regarding copyright ownership.
 * The ASF licenses this file to You under the Apache License, Version 2.0
 * (the","/*
 * Licensed to the Apache Software Foundation (ASF) under one or more
 * contributor license agreements.  See the NOTICE file distributed with
 * this work for additional information regarding copyright ownership.
 * The ASF licenses this file to You under the Apache License, Version 2.0
 * (the",1.0,pile,3489,3462
8531,"Thank you for visiting Dick's Sporting Goods. If you need assistance with shopping on our site, please call us at 1-877-846-9997 and a customer care representative will be happy to assist you. Please inform the Customer Service representative that you require assistance.

Product Information:

The","Thank you for visiting Dick's Sporting Goods. If you need assistance with shopping on our site, please call us at 1-877-846-9997 and a customer care representative will be happy to assist you. Please inform the Customer Service representative that you require assistance.

Product Information:

Take",0.984375,pile,3571,3543
8675,"<!doctype html>
<html lang=""en"">
<head>
  <meta charset=""UTF-8"">
  <title>Example - example-example78-debug</title>
  

  <script src=""../../../angular.js""></script>
  

  
</head>","<!doctype html>
<html lang=""en"">
<head>
  <meta charset=""UTF-8"">
  <title>Example - example-example72-jquery</title>
  

  <script src=""../../components/jquery-2.1.1/jquery.js""></",0.734375,pile,3716,3687
8847,"<?xml version=""1.0"" encoding=""UTF-8""?>
<project xmlns=""http://maven.apache.org/POM/4.0.0"" xmlns:xsi=""http://www.w3.org/2001/XMLSchema-instance""
         xsi:schemaLocation","<?xml version=""1.0"" encoding=""UTF-8""?>
<project xmlns=""http://maven.apache.org/POM/4.0.0""
    xmlns:xsi=""http://www.w3.org/2001/XMLSchema-instance""
    xsi",0.578125,pile,3888,3859
9096,"If this is your first visit, be sure to
check out the FAQ by clicking the
link above. You may have to register
before you can post: click the register link above to proceed. To start viewing messages,
select the forum that you want to visit from the selection below.

I'm","If this is your first visit, be sure to
check out the FAQ by clicking the
link above. You may have to register
before you can post: click the register link above to proceed. To start viewing messages,
select the forum that you want to visit from the selection below.

Crossbow",0.96875,pile,4138,4108
9227,"<?xml version=""1.0"" encoding=""UTF-8""?>
<project xmlns=""http://maven.apache.org/POM/4.0.0"" xmlns:xsi=""http://www.w3.org/2001/XMLSchema-instance""
         xsi:schemaLocation","<?xml version=""1.0"" encoding=""UTF-8""?>
<project xmlns=""http://maven.apache.org/POM/4.0.0"" xmlns:xsi=""http://www.w3.org/2001/XMLSchema-instance"" xsi:schemaLocation=""http",0.890625,pile,4269,4239
9273,"/*******************************************************************************
 *  Copyright 2012-2019 Amazon.com, Inc. or its affiliates. All Rights Reserved.
 *  Licensed under the Apache License, Version 2.0 (the ""License""). You may not use
 *  this file except in compliance with the License. A copy of the License","/*******************************************************************************
 *  Copyright 2012-2019 Amazon.com, Inc. or its affiliates. All Rights Reserved.
 *  Licensed under the Apache License, Version 2.0 (the ""License""). You may not use
 *  this file except in compliance with the License. A copy of the License",1.0,pile,4315,4285
9297,"/*
 * Licensed to the Apache Software Foundation (ASF) under one
 * or more contributor license agreements.  See the NOTICE file
 * distributed with this work for additional information
 * regarding copyright ownership.  The ASF licenses this file
 * to you under the Apache License, Version 2.0 (","/*
 * Licensed to the Apache Software Foundation (ASF) under one
 * or more contributor license agreements.  See the NOTICE file
 * distributed with this work for additional information
 * regarding copyright ownership.  The ASF licenses this file
 * to you under the Apache License, Version 2.0 (",1.0,pile,4339,4309
9523,"Note: Javascript is disabled or is not supported by your browser. For this reason, some items on this page will be unavailable. For more information about this message, please visit this page: About CDC.gov.

The National Institute for Occupational Safety and Health (NIOSH) is the federal agency within","Note: Javascript is disabled or is not supported by your browser. For this reason, some items on this page will be unavailable. For more information about this message, please visit this page: About CDC.gov.

Table 1

Cases of invasive pneumococcal disease, underreporting rates, and numbers adjusted",0.703125,pile,4567,4535
9816,"/**
 * The contents of this file are subject to the license and copyright
 * detailed in the LICENSE and NOTICE files at the root of the source
 * tree and available online at
 *
 * http://www.dspace.org/license/
 */
package org.dspace.app.rest","/**
 * The contents of this file are subject to the license and copyright
 * detailed in the LICENSE and NOTICE files at the root of the source
 * tree and available online at
 *
 * http://www.dspace.org/license/
 */
package org.dspace.workflow;",0.953125,pile,4860,4828
9826,"/*---------------------------------------------------------------------------*\
  =========                 |
  \\      /  F ield         | OpenFOAM: The Open Source CFD Toolbox
   \\    /   O peration     |
    \\  /    A nd           | Copyright (C) 2011-2013 OpenFOAM Foundation
","/*---------------------------------------------------------------------------*\
  =========                 |
  \\      /  F ield         | OpenFOAM: The Open Source CFD Toolbox
   \\    /   O peration     | Website:  https://openfoam.org
    \\  /    A nd           | Copyright (",0.65625,pile,4870,4838
9882,"If this is your first visit, be sure to
check out the FAQ by clicking the
link above. You may have to register
before you can post: click the register link above to proceed. To start viewing messages,
select the forum that you want to visit from the selection below.

I'm","If this is your first visit, be sure to
check out the FAQ by clicking the
link above. You may have to register
before you can post: click the register link above to proceed. To start viewing messages,
select the forum that you want to visit from the selection below.

Enjoy an",0.96875,pile,4926,4894
9920,"//
//     Generated by class-dump 3.5 (64 bit) (Debug version compiled Oct 15 2018 10:31:50).
//
//     class-dump is Copyright (C) 1997-1998, 2000-2001, 2004-2015 by Steve Nygard.
//

#","//
//     Generated by class-dump 3.5 (64 bit) (Debug version compiled Oct 15 2018 10:31:50).
//
//     class-dump is Copyright (C) 1997-1998, 2000-2001, 2004-2015 by Steve Nygard.
//

@",0.984375,pile,4964,4932
9954,"/*
 * Licensed to the Apache Software Foundation (ASF) under one or more
 * contributor license agreements.  See the NOTICE file distributed with
 * this work for additional information regarding copyright ownership.
 * The ASF licenses this file to You under the Apache License, Version 2.0
 * (the","/*
 * Licensed to the Apache Software Foundation (ASF) under one or more
 * contributor license agreements.  See the NOTICE file distributed with
 * this work for additional information regarding copyright ownership.
 * The ASF licenses this file to You under the Apache License, Version 2.0
 * (the",1.0,pile,4999,4966
